feed_tonne_hr,feed_kg_hr,X_alginate_to_sugars,MESP_$/gal,feed_cake_water_wt,ferm_feed_water_wt,ethanol_kg_hr,beer_water_wt
100.0,100000.0,0.1,7.228896797299655,0.6000000000000001,0.7886916725450308,1019.6742393949224,0.9637318041008
100.0,100000.0,0.19444444444444445,6.945265625447435,0.6000000000000001,0.7886916725450309,1061.512893029568,0.9630104712749042
100.0,100000.0,0.28888888888888886,6.683990717877868,0.6000000000000001,0.7886916725450309,1103.3515465374621,0.9622927921099871
100.0,100000.0,0.3833333333333333,6.439214070823255,0.6000000000000001,0.7886916725450308,1145.1901999195231,0.9615787393840652
100.0,100000.0,0.47777777777777775,6.213305357353861,0.6000000000000001,0.7886916725450309,1187.0288531766603,0.9608682861403531
100.0,100000.0,0.5722222222222222,6.002824043971114,0.6000000000000001,0.7886916725450309,1228.8675063097733,0.9601614056841012
100.0,100000.0,0.6666666666666666,5.798953841537625,0.6000000000000001,0.7886916725450308,1270.7061593197548,0.9594580715794747
100.0,100000.0,0.7611111111111111,5.591483687766949,0.6000000000000001,0.7886916725450308,1318.1602982023728,0.9587582576464787
100.0,100000.0,0.8555555555555555,5.419506847421817,0.6000000000000001,0.7886916725450309,1360.1779500904872,0.9580619379579262
100.0,100000.0,0.95,5.258687327143182,0.6000000000000001,0.7886916725450309,1402.195601857575,0.9573690868364472
200.0,200000.0,0.1,5.711171983868202,0.6000000000000001,0.7887843044108368,2048.0733180803595,0.9638619413559206
200.0,200000.0,0.19444444444444445,5.487232500708144,0.6000000000000001,0.7887843044108368,2132.1086242944893,0.9631398473835445
200.0,200000.0,0.28888888888888886,5.280715022953819,0.6000000000000001,0.7887843044108367,2216.1439302526164,0.9624214113706429
200.0,200000.0,0.3833333333333333,5.085704037407267,0.6000000000000001,0.7887843044108368,2300.179235956595,0.961706606064502
200.0,200000.0,0.47777777777777775,4.907363606650895,0.6000000000000001,0.7887843044108368,2384.214541408253,0.9609954044778737
200.0,200000.0,0.5722222222222222,4.74117934086281,0.6000000000000001,0.7887843044108368,2468.2498466094053,0.9602877798858074
200.0,200000.0,0.6666666666666666,4.585132624845588,0.6000000000000001,0.7887843044108367,2552.285151561848,0.9595837058225297
200.0,200000.0,0.7611111111111111,4.439769815835028,0.6000000000000001,0.7887843044108368,2636.3204562673577,0.9588831560783655
200.0,200000.0,0.8555555555555555,4.303334475428884,0.6000000000000001,0.7887843044108368,2720.3557607276957,0.958186104696703
200.0,200000.0,0.95,4.175448047418091,0.6000000000000001,0.7887843044108368,2804.391064944604,0.9574925259710009
400.0,400000.0,0.1,4.8475762065484,0.6000000000000001,0.788830638112751,4096.14649064683,0.9639272010784334
400.0,400000.0,0.19444444444444445,4.657405623755112,0.6000000000000001,0.7888306381127511,4264.217103769436,0.9632047259405241
400.0,400000.0,0.28888888888888886,4.481935979093968,0.6000000000000001,0.788830638112751,4432.287716378627,0.9624859109140728
400.0,400000.0,0.3833333333333333,4.318433467741017,0.6000000000000001,0.788830638112751,4600.358328478109,0.9617707287309862
400.0,400000.0,0.47777777777777775,4.166979429669271,0.6000000000000001,0.788830638112751,4768.42894007155,0.9610591523887679
400.0,400000.0,0.5722222222222222,4.02582032546326,0.6000000000000001,0.788830638112751,4936.499551162581,0.9603511551473516
400.0,400000.0,0.6666666666666666,3.893428600828121,0.6000000000000001,0.788830638112751,5104.570161754798,0.9596467105259787
400.0,400000.0,0.7611111111111111,3.7699560342098595,0.6000000000000001,0.788830638112751,5272.640771851761,0.9589457923001183
400.0,400000.0,0.8555555555555555,3.654097431441364,0.6000000000000001,0.788830638112751,5440.711381456999,0.9582483744984311
400.0,400000.0,0.95,3.5453785180750654,0.6000000000000001,0.788830638112751,5608.781990574002,0.9575544313997744
625.0,625000.0,0.1,4.497493812395559,0.6,0.7888473195779651,6400.228809644178,0.9639507257637148
625.0,625000.0,0.19444444444444445,4.321044360049867,0.6,0.788847319577965,6662.839143038936,0.963228113309575
625.0,625000.0,0.28888888888888886,4.158195648724805,0.6,0.7888473195779651,6925.449475630694,0.9625091617420544
625.0,625000.0,0.3833333333333333,4.00654207750175,0.6,0.7888473195779651,7188.05980742523,0.9617938437875191
625.0,625000.0,0.47777777777777775,3.865921031736266,0.6,0.7888473195779651,7450.670138428292,0.9610821324379815
625.0,625000.0,0.5722222222222222,3.7349071254270747,0.6,0.788847319577965,7713.280468645549,0.9603740009479309
625.0,625000.0,0.6666666666666666,3.612121229810049,0.6,0.7888473195779651,7975.890798082628,0.9596694228312115
625.0,625000.0,0.7611111111111111,3.4909243462854898,0.6,0.7888473195779651,8238.501126745097,0.9589683718579416
625.0,625000.0,0.8555555555555555,3.3836326444801315,0.6,0.788847319577965,8501.111454638467,0.9582708220514774
625.0,625000.0,0.95,3.28295124291974,0.6,0.7888473195779651,8763.721781768185,0.9575767476854175
800.0,800000.0,0.1,4.336820409996776,0.6000000000000001,0.7888538070049815,8192.292835505392,0.9639598787110017
800.0,800000.0,0.19444444444444445,4.166661919415361,0.6000000000000001,0.7888538070049815,8528.434062445183,0.9632372128422904
800.0,800000.0,0.28888888888888886,4.009625876178838,0.6000000000000001,0.7888538070049813,8864.575288356727,0.9625182081617135
800.0,800000.0,0.3833333333333333,3.8633824102360284,0.6000000000000001,0.7888538070049815,9200.71651324745,0.9618028373934827
800.0,800000.0,0.47777777777777775,3.7278603943505026,0.6000000000000001,0.7888538070049815,9536.857737124677,0.9610910735274737
800.0,800000.0,0.5722222222222222,3.60154954611779,0.6000000000000001,0.7888538070049815,9872.998959995693,0.9603828898160588
800.0,800000.0,0.6666666666666666,3.4831884205344705,0.6000000000000001,0.7888538070049813,10209.140181867688,0.9596782597709823
800.0,800000.0,0.7611111111111111,3.3727330222027825,0.6000000000000001,0.7888538070049815,10545.281402747785,0.9589771571602821
800.0,800000.0,0.8555555555555555,3.269099688252939,0.6000000000000001,0.7888538070049815,10881.42262264305,0.9582795560052503
800.0,800000.0,0.95,3.1718620647575104,0.6000000000000001,0.7888538070049815,11217.563841560468,0.9575854305774407
1000.0,1000000.0,0.1,4.221075739478748,0.6,0.7888584409467523,10240.366007907234,0.9639664180591299
1000.0,1000000.0,0.19444444444444445,4.055467167513909,0.6,0.7888584409467522,10660.542541755642,0.963243714032417
1000.0,1000000.0,0.28888888888888886,3.902608699555421,0.6,0.7888584409467523,11080.719074318391,0.9625246714092286
1000.0,1000000.0,0.3833333333333333,3.760333747300795,0.6,0.7888584409467523,11500.895605604748,0.9618092629122362
1000.0,1000000.0,0.47777777777777775,3.6284158508192528,0.6,0.7888584409467523,11921.072135623894,0.9610974615297907
1000.0,1000000.0,0.5722222222222222,3.5055679604762555,0.6,0.7888584409467523,12341.24866438493,0.9603892405127518
1000.0,1000000.0,0.6666666666666666,3.390269053265811,0.6,0.7888584409467522,12761.425191896833,0.9596845733713635
1000.0,1000000.0,0.7611111111111111,3.2786651409706327,0.6,0.7888584409467523,13181.601718168524,0.9589834338721772
1000.0,1000000.0,0.8555555555555555,3.1778870833565556,0.6,0.7888584409467523,13601.77824320883,0.958285796035011
1000.0,1000000.0,0.95,3.0833263003200053,0.6,0.7888584409467523,14021.954767026464,0.9575916341299583
1200.0,1200000.0,0.1,4.1400109706230745,0.5999999999999999,0.7888615302715121,12288.439180302987,0.9639707783322485
1200.0,1200000.0,0.19444444444444445,3.9779009603554156,0.5999999999999999,0.7888615302715121,12792.65102106001,0.9632480488646753
1200.0,1200000.0,0.28888888888888886,3.8279371484274307,0.5999999999999999,0.7888615302715122,13296.862860273959,0.9625289809442295
1200.0,1200000.0,0.3833333333333333,3.6883475862962847,0.5999999999999999,0.7888615302715122,13801.074697955963,0.9618135472925573
1200.0,1200000.0,0.47777777777777775,3.558977255545971,0.5999999999999999,0.7888615302715122,14305.28653411704,0.9611017208969916
1200.0,1200000.0,0.5722222222222222,3.438464460765429,0.5999999999999999,0.7888615302715121,14809.498368768085,0.9603934750073837
1200.0,1200000.0,0.6666666666666666,3.3254530907529807,0.5999999999999999,0.7888615302715121,15313.710201919905,0.9596887831329786
1200.0,1200000.0,0.7611111111111111,3.2199941440572166,0.5999999999999999,0.7888615302715121,15817.922033583194,0.9589876190393349
1200.0,1200000.0,0.8555555555555555,3.121042736520642,0.5999999999999999,0.7888615302715121,16322.133863768537,0.9582899567452904
1200.0,1200000.0,0.95,3.0281985089750836,0.5999999999999999,0.7888615302715121,16826.345692486408,0.9575957705199616
